education_level,transition_rate
Graduate,0.2797896188998103
High School,0.19533961328705998
Masters,0.21440036688832836
Phd,0.14009661835748793
Primary School,0.1331168831168831
Unknown,0.22608695652173913
